track_id,track_name,artist_name,publisher_name,bundle_id,genre,app_version,price,initial_release_date,latest_release_date,avg_user_rating,rating_count,app_url,file_size_bytes,content_rating,availability,first_name,last_name,country,offer_date,savings,offer_details,app_info,service_info
"1604385869","ManGo - Anime & Manga Tracker","RocketScience IT","RocketScience IT","com.rocketscienceit.mango","Entertainment","5.8.2","Free","2022-04-08T07:00:00Z","2025-06-22T19:53:33Z","4.57512","193","https://apps.apple.com/us/app/mango-anime-manga-tracker/id1604385869?uo=4","64939008","17+","1","Joost","van den Akker","Netherlands","2022-12-06","12.99","FREE","eQvu5dkMfF","Discord"
"1590316152","Posture Pal - Improve & Alert","Good Snooze","Jordi Bruin","com.goodsnooze.sebby","Health & Fitness","2.0.2","Free","2022-03-16T07:00:00Z","2025-04-02T12:11:03Z","4.44322","273","https://apps.apple.com/us/app/posture-pal-improve-alert/id1590316152?uo=4","88380416","4+","1","Jordi","Bruin","Netherlands","2022-12-01","9.99","FREE","PosturePalApp","Twitter"
"1596487035","NowPlaying: Music Discovery","Modum B.V.","Modum B.V.","com.modumhq.nowplaying","Music","2025.11","Free","2021-12-22T08:00:00Z","2025-06-23T22:02:01Z","4.69388","147","https://apps.apple.com/us/app/nowplaying-music-discovery/id1596487035?uo=4","172977152","4+","1","Hidde","van der Ploeg","Netherlands","2022-12-09","17","APP DISCOUNT","NowPlayingGold","Twitter"
"1536734125","Converter: Hidden Photo Vault","Dmitry Petrov","Dmitry Petrov","ru.gavrilko.SafePlace","Photo & Video","2.2.3","Free","2021-11-19T08:00:00Z","2025-07-30T08:22:21Z","4.86624","3267","https://apps.apple.com/us/app/converter-hidden-photo-vault/id1536734125?uo=4","74838016","4+","1","Dmitry","Petrov","Russia","2022-12-08","18","APP DISCOUNT","",""
"623690732","Calzy","Raja V","Raja V","com.waplestuff.calzy","Productivity","3.8.9","$4.99","2013-04-19T07:00:00Z","2024-09-18T18:45:47Z","4.71258","1764","https://apps.apple.com/us/app/calzy/id623690732?uo=4","47618048","4+","1","Raja","Vijayaraman","India","2022-12-10","4","APP DISCOUNT","",""
"1546719801","Padlok - Keypad manager","Illumineering","Illumineering","fr.thomasdurand.Padlok","Utilities","2025.1","Free","2021-12-24T08:00:00Z","2025-02-24T07:35:01Z","4.52941","17","https://apps.apple.com/us/app/padlok-keypad-manager/id1546719801?uo=4","100722688","4+","1","Thomas","Durandx","France","2022-12-02","24.99","FREE","PadlocApp","Twitter"
"1200202714","see/saw","Philipp Stollenmayer","Philipp Stollenmayer","de.kamibox.soap","Games","1.07","$2.99","2018-11-15T04:58:39Z","2018-11-18T15:00:29Z","4.88135","1930","https://apps.apple.com/us/app/see-saw/id1200202714?uo=4","22383616","12+","1","Philipp","Stollenmayer","Germany","2022-12-04","2.99","FREE","",""
"1638481575","ASO Keywords - Shipmunk","Khuong Pham","Khuong Pham","com.fantageek.Connect","Developer Tools","1.5.5","Free","2022-09-06T07:00:00Z","2024-07-08T06:38:51Z","4.625","8","https://apps.apple.com/us/app/aso-keywords-shipmunk/id1638481575?uo=4","104262656","4+","1","Khoa","Pham","Norway","2022-12-07","22.5","APP DISCOUNT","ShipmunkApp","Twitter"
"1509634112","Scan it: Quick scanner","Filip Nemecek","Filip Nemecek","FN.-23Scan","Business","3.2.1","Free","2020-04-29T07:00:00Z","2024-09-16T11:34:28Z","4.89344","122","https://apps.apple.com/us/app/scan-it-quick-scanner/id1509634112?uo=4","12713984","4+","1","Filip","Nemecek","Czech Republic","2022-12-05","6.99","FREE","",""
"1502903102","Tasks: Todo Lists & Kanban","Msquare Labs Technologies Private Limited","Msquare Labs Technologies Private Limited","com.myc.taskapp","Productivity","3.5.2","Free","2020-05-27T07:00:00Z","2024-09-18T14:09:32Z","4.64932","1845","https://apps.apple.com/us/app/tasks-todo-lists-kanban/id1502903102?uo=4","231186432","4+","1","Mustafa","Yusuf","India","2022-12-03","59.4","APP DISCOUNT","Thetaskapp","Twitter"
"1502903102","Tasks: Todo Lists & Kanban","Msquare Labs Technologies Private Limited","Msquare Labs Technologies Private Limited","com.myc.taskapp","Productivity","3.5.2","Free","2020-05-27T07:00:00Z","2024-09-18T14:09:32Z","4.64932","1845","https://apps.apple.com/us/app/tasks-todo-lists-kanban/id1502903102?uo=4","231186432","4+","1","Mustafa","Yusuf","India","2021-01-02","","DISCOUNT","Thetaskapp","Twitter"
"1610892700","Daily 5: Fruit & Veggie Habits","Marius Caciulescu","Marius Caciulescu","tech.capps.Eat5","Health & Fitness","2024.12.20","Free","2022-04-06T07:00:00Z","2024-12-19T19:32:37Z","4.67826","115","https://apps.apple.com/us/app/daily-5-fruit-veggie-habits/id1610892700?uo=4","44976128","4+","1","Marius","Capps","Ireland","2022-12-12","3.99","FREE","Eat5App","Twitter"
"1471394318","Weather on the Way","Piotr Knapczyk","Piotr Knapczyk","ideastudio.Weather-on-the-Way","Weather","2.2.0","Free","2020-07-27T07:00:00Z","2025-07-25T11:09:03Z","4.75277","16070","https://apps.apple.com/us/app/weather-on-the-way/id1471394318?uo=4","58485760","4+","1","Piotr","Knapczyk","Poland","2022-12-11","22","SUBSCRIPTION DISCOUNT","WeatherOnTheWay","Twitter"
"1557027838","Dashkit - Personal Dashboards","Matteo Villa","Matteo Villa","it.mvilla.dashkit","Utilities","1.5","Free","2022-03-01T08:00:00Z","2023-04-21T17:43:36Z","3.96","25","https://apps.apple.com/us/app/dashkit-personal-dashboards/id1557027838?uo=4","12698624","17+","1","Matteo","Villa","Italy","2022-12-15","8.5","SUBSCRIPTION DISCOUNT","",""
"1594081352","Classifier: Collection Tracker","App Deco Studio Inc.","App Deco Studio Inc.","com.roddy.io.Classifier","Utilities","3.4.2","Free","2021-12-09T08:00:00Z","2025-05-23T00:17:13Z","4.46552","58","https://apps.apple.com/us/app/classifier-collection-tracker/id1594081352?uo=4","39296000","4+","1","Roddy","Munro","United Kingdom","2022-12-14","22.99","FREE","Getclassifier","Twitter"
"1500216643","Topo Maps by Landscape","Landscape, LLC","Landscape, LLC","com.landscape.landscapeapp","Navigation","2024.2","Free","2021-05-17T07:00:00Z","2024-07-28T03:26:22Z","4.75342","73","https://apps.apple.com/us/app/topo-maps-by-landscape/id1500216643?uo=4","107540480","4+","1","Cameron","Deardorff","United States","2022-12-13","26.49","FREE SUBSCIPTION","Landscape_app","Twitter"
"1271717438","Loco Looper","James Vanas","James Vanas","com.jamesvanas.LocoLooper","Games","1.0.8","$4.99","2022-06-17T07:00:00Z","2023-04-06T03:04:32Z","4.7037","108","https://apps.apple.com/us/app/loco-looper/id1271717438?uo=4","70824960","4+","1","James","Vanas","New Zealand","2022-12-17","5","APP DISCOUNT","",""
"1477944755","Health Export CSV","Tomas Parizek","Tomas Parizek","cz.tomasparizek.HealthExport","Health & Fitness","3.6.2","$2.99","2019-09-19T07:00:00Z","2025-06-25T09:30:04Z","4.48718","117","https://apps.apple.com/us/app/health-export-csv/id1477944755?uo=4","33929216","4+","1","Tomáš","Pařízek","Czech Republic","2022-12-16","2.99","FREE","Healthexportapp","Twitter"
"1512195368","MusicSmart - Liner Notes","Loop Apps LTDA","Loop Apps LTDA","br.com.marcosatanaka.musicwhiz","Music","2.1.6","Free","2020-05-18T07:00:00Z","2025-07-02T20:13:42Z","4.31224","253","https://apps.apple.com/us/app/musicsmart-liner-notes/id1512195368?uo=4","31538176","4+","1","Marcos","Tanaka","Brazil","2022-12-19","3.99","FREE","MusicSmartApp","Twitter"
"1574776971","Pestle: Recipe Manager","Will Bishop","Will Bishop","com.willbishop.Simmer","Food & Drink","2.1.9","Free","2022-01-20T08:00:00Z","2025-07-26T12:20:36Z","4.73825","1383","https://apps.apple.com/us/app/pestle-recipe-manager/id1574776971?uo=4","100240384","17+","1","Will","Bishop","Australia","2022-12-20","18","SUBSCRIPTION DISCOUNT","Pestlechef","Twitter"
"1090744587","Quick Notes - Email Me","Manuel Escrig Ventura","Manuel Escrig Ventura","ventura.media.EmailMe","Productivity","6.11","Free","2016-11-29T07:50:37Z","2025-08-01T13:32:39Z","4.84091","572","https://apps.apple.com/us/app/quick-notes-email-me/id1090744587?uo=4","56316928","12+","1","Manuel","Escrig","Spain","2022-12-22","40","APP DISCOUNT","EmailMeApp","Twitter"
"1492055171","Expenses: Spending Tracker","BLUE COMET LABS LLC","BLUE COMET LABS LLC","com.pixyzehn.Expenses","Finance","3.7.32","Free","2020-05-15T07:00:00Z","2025-07-31T15:24:17Z","4.7909","1363","https://apps.apple.com/us/app/expenses-spending-tracker/id1492055171?uo=4","63917056","4+","1","Hiroki","Nagasawa","Japan","2022-12-24","8.99","FREE","Expensesapp","Twitter"
"1542511377","Konsensus: Movies & TV Tracker","Saffet Emin Reisoglu","Saffet Emin Reisoglu","com.sereisoglu.konsensus","Entertainment","1.13.1","Free","2021-07-15T07:00:00Z","2025-07-28T20:26:32Z","4.82569","109","https://apps.apple.com/us/app/konsensus-movies-tv-tracker/id1542511377?uo=4","41134080","12+","1","Saffet Emin","Reisoğlu","Turkey","2022-12-23","","DISCOUNT","Konsensusapp","Twitter"
"1622980363","Luana: Motivation & Journal","Cranberry Apps","Cranberry Apps GmbH & Co. KG","com.stefanliesendahl.luana","Health & Fitness","1.1.0","Free","2022-10-27T07:00:00Z","2024-09-03T20:43:32Z","4.92307","13","https://apps.apple.com/us/app/luana-motivation-journal/id1622980363?uo=4","102809600","4+","1","Stefan","Liesendahl","Germany","2022-12-25","35","APP DISCOUNT","Luana_app","Twitter"
"1591348188","Frantic Fall","Vikas Pawar","Vikas Pawar","com.vikaspawar.trickyfall","Games","8","$2.99","2022-01-10T08:00:00Z","2025-03-30T10:53:01Z","4.8148","27","https://apps.apple.com/us/app/frantic-fall/id1591348188?uo=4","47825920","4+","1","Vikas","Pawarux","Singapore","2022-12-26","1","APP DISCOUNT","",""
"653031147","Water Tracker by WaterMinder®","Funn Media, LLC","Funn Media, LLC","com.waterminder.waterminder","Health & Fitness","6.10.4","Free","2013-07-19T03:24:31Z","2025-07-25T08:12:22Z","4.75661","31522","https://apps.apple.com/us/app/water-tracker-by-waterminder/id653031147?uo=4","277281792","4+","1","Kriss","Smolka","United States","2022-12-29","20","APP DISCOUNT","WaterMinder_app","Twitter"
"1531983371","Activity Tracker・FitnessView","Funn Media, LLC","Funn Media, LLC","com.funnmedia.fitnessview","Health & Fitness","2.6.13","Free","2021-07-14T07:00:00Z","2025-06-05T23:49:27Z","4.63034","6322","https://apps.apple.com/us/app/activity-tracker-fitnessview/id1531983371?uo=4","200255488","4+","1","Kriss","Smolka","United States","2022-12-30","25","APP DISCOUNT","",""
"1531983371","Activity Tracker・FitnessView","Funn Media, LLC","Funn Media, LLC","com.funnmedia.fitnessview","Health & Fitness","2.6.13","Free","2021-07-14T07:00:00Z","2025-06-05T23:49:27Z","4.63034","6322","https://apps.apple.com/us/app/activity-tracker-fitnessview/id1531983371?uo=4","200255488","4+","1","Kriss","Smolka","United States","2021-12-20","34.99","FREE","",""
"1479461686","Nutrition Tracker: Foodnoms","Algebraic Labs, LLC","Algebraic Labs, LLC","com.algebraiclabs.foodnoms","Health & Fitness","2025.18","Free","2019-11-12T08:00:00Z","2025-08-05T14:06:03Z","4.75385","6045","https://apps.apple.com/us/app/nutrition-tracker-foodnoms/id1479461686?uo=4","205699072","4+","1","Ryan","Ashcraft","United States","2022-12-27","35.94","FREE SUBSCIPTION","Food_noms","Twitter"
"1605984718","Kattam - The Box","Manivanna Raja Nagendra Bharathi","Manivanna Raja Nagendra Bharathi","com.newrica.kattam","Games","2.1","$0.99","2022-02-10T08:00:00Z","2022-12-31T22:37:30Z","4.31579","19","https://apps.apple.com/us/app/kattam-the-box/id1605984718?uo=4","3467264","4+","1","Manivanna","Raja","United States","2022-12-28","0.99","FREE","",""
"1523238520","Wheel Spin & Raffle - Pick Me","Marius Caciulescu","Marius Caciulescu","tech.capps.PickMe","Entertainment","2025.7.31","Free","2020-07-19T07:00:00Z","2025-08-01T14:00:49Z","4.60903","12850","https://apps.apple.com/us/app/wheel-spin-raffle-pick-me/id1523238520?uo=4","167650304","12+","1","Marius","Capps","Ireland","2023-01-01","9.99","FREE","PickMeTheApp","Twitter"
"1086750452","Moderation Mindful Food Diary","Pixelfolio.co.uk","Dominic Williams","co.uk.pixelfolio.Moderation","Health & Fitness","2025.2","Free","2018-10-14T13:27:51Z","2025-05-19T10:26:28Z","4.08491","106","https://apps.apple.com/us/app/moderation-mindful-food-diary/id1086750452?uo=4","52997120","4+","1","Dominic","Williams","United Kingdom","2022-12-31","","FREE SUBSCIPTION","",""
"1614085893","Amato: Friendship Tracker CRM","Anika Seibezeder","Anika Seibezeder","at.appnest.amato","Social Networking","2.2.3","Free","2022-05-31T07:00:00Z","2024-03-25T15:47:43Z","4.63333","60","https://apps.apple.com/us/app/amato-friendship-tracker-crm/id1614085893?uo=4","11908096","4+","1","Anika","Seibezeder","Austria","2023-01-05","24.99","FREE","AmatoApp","Twitter"
"1587904334","Noteful: Notes & PDF Markup","Noteful Technologies Ltd","Noteful Technologies Ltd","com.noteful-technologies.noteful","Productivity","1.4.25","Free","2021-10-18T07:00:00Z","2025-07-31T23:54:14Z","4.75189","17214","https://apps.apple.com/us/app/noteful-notes-pdf-markup/id1587904334?uo=4","163742720","4+","1","","","","2023-01-03","","DISCOUNT","Getnoteful","Twitter"
"1541592138","Learn Japanese Kanji: Benkyō","Romain Pellen","App to Learn Pte. Ltd.","app.benkyo.Benkyo","Education","2.4.1","Free","2020-12-30T08:00:00Z","2024-12-26T08:13:23Z","4.75115","2588","https://apps.apple.com/us/app/learn-japanese-kanji-benky%C5%8D/id1541592138?uo=4","153334784","4+","1","Romain","Pellen","Japan","2023-01-02","","DISCOUNT","BenkyoApp","Twitter"
"1541592138","Learn Japanese Kanji: Benkyō","Romain Pellen","App to Learn Pte. Ltd.","app.benkyo.Benkyo","Education","2.4.1","Free","2020-12-30T08:00:00Z","2024-12-26T08:13:23Z","4.75115","2588","https://apps.apple.com/us/app/learn-japanese-kanji-benky%C5%8D/id1541592138?uo=4","153334784","4+","1","","","","2021-01-30","","PARTIALY FREE","",""
"1445348921","Days Since: Quit Habit Tracker","A Couple of Friends OOD","A Couple of Friends OOD","npetrova.DaysSince","Health & Fitness","3.0.10","Free","2019-08-17T07:00:00Z","2025-07-29T12:37:29Z","4.835","15043","https://apps.apple.com/us/app/days-since-quit-habit-tracker/id1445348921?uo=4","70393856","12+","1","Ivelin","Davidov","Bulgaria","2023-01-04","49.99","FREE","",""
"1629369500","Sticker Drop Maker Studio","Aaron F Stephenson","Aaron F Stephenson","com.bronron.StickerDrop","Photo & Video","1.6.1","$2.99","2022-09-13T07:00:00Z","2023-08-23T21:23:55Z","4.73826","149","https://apps.apple.com/us/app/sticker-drop-maker-studio/id1629369500?uo=4","73738240","4+","1","Aaron","Stephenson","Australia","2023-01-07","","DISCOUNT","",""
"1554593287","Cue It - Interval Timer","Justin Hopkins","Justin Hopkins","com.JHDev.CueIt","Utilities","1.7.2","$2.99","2021-03-24T07:00:00Z","2024-03-21T01:27:52Z","4.59999","15","https://apps.apple.com/us/app/cue-it-interval-timer/id1554593287?uo=4","26838016","4+","1","","","","2023-01-06","2.99","FREE","",""
"1347447233","TimeFinder: Time Blocking","TimeFinder, LLC","TimeFinder, LLC","com.lukememet.TimeFinder","Productivity","8.8.2","Free","2018-03-03T22:54:55Z","2025-06-16T07:31:52Z","4.69161","1657","https://apps.apple.com/us/app/timefinder-time-blocking/id1347447233?uo=4","126085120","4+","1","Luke","Memet","United States","2023-01-09","129.99","FREE","TimeFinderApp","Twitter"
"1581072935","Food Log° - Lilbite","Abhinav Khanger","Abhinav Khanger","com.lilbite.calorie.counter","Health & Fitness","1.0.60","Free","2021-09-02T07:00:00Z","2024-09-25T16:45:57Z","4.6045","311","https://apps.apple.com/us/app/food-log-lilbite/id1581072935?uo=4","29074432","12+","1","Abhinav","Singh","India","2023-01-08","29.99","FREE SUBSCIPTION","lilbite_ai","Twitter"
"962969578","Blackbox","Shapes and Stories LLC","Shapes and Stories LLC","com.growpixel.blackbox","Games","2.2.24","Free","2016-02-25T04:11:23Z","2025-06-26T07:44:19Z","4.80445","98869","https://apps.apple.com/us/app/blackbox/id962969578?uo=4","109277184","4+","1","Ryan","McLeod","Netherlands","2021-12-01","7","FREE","BlackboxPuzzle","Twitter"
"1499198946","Structured - Daily Planner","unorderly GmbH","unorderly GmbH","com.leomehlig.today","Productivity","4.2.2","Free","2020-04-09T07:00:00Z","2025-06-28T07:07:13Z","4.80598","140835","https://apps.apple.com/us/app/structured-daily-planner/id1499198946?uo=4","301572096","4+","1","Leonard","Mehlig","Germany","2021-12-02","34.99","FREE","Structured_app","Twitter"
"1556054655","Vinyls","Shihab Mehboob","Pixelfolio Inc.","com.shi.Vin","Music","2.3.2","Free","2021-03-18T07:00:00Z","2024-01-18T18:07:05Z","3.73118","93","https://apps.apple.com/us/app/vinyls/id1556054655?uo=4","98785280","4+","1","Shihab","Mehboob","United Kingdom","2021-12-06","5.99","FREE","Vinylstheapp","Twitter"
"1544343485","McClockface – Flip Clock","David Steppenbeck","David Steppenbeck","app.steppenbeck.McClockface","Lifestyle","5.5.1","Free","2021-05-27T07:00:00Z","2025-07-02T19:29:15Z","4.57595","316","https://apps.apple.com/us/app/mcclockface-flip-clock/id1544343485?uo=4","64665600","4+","1","David","Steppenbeck","United Kingdom","2021-12-03","6.99","FREE","",""
"1507193902","Jinks!","Simon Nickel","Simon Nickel","de.simonnickel.Jinks","Games","1.1.7","$1.99","2020-05-12T07:00:00Z","2023-07-21T12:52:26Z","4.23076","26","https://apps.apple.com/us/app/jinks/id1507193902?uo=4","3728384","4+","1","Simon","Nickel","Germany","2021-12-04","1.99","FREE","Jinks_app","Twitter"
"1461650987","Crouton: Recipe Manager","Crouton LLC","CROUTON LLC","com.meal.plan.ios","Food & Drink","2025.6","Free","2019-09-02T19:06:57Z","2025-06-05T08:14:06Z","4.83526","2167","https://apps.apple.com/us/app/crouton-recipe-manager/id1461650987?uo=4","363576320","4+","1","Devin","Davies","New Zealand","2021-12-07","12.99","FREE","_CroutonApp","Twitter"
"1267678125","YarnBuddy – Knit and Crochet","Rebecca Hansmeyer","Rebecca Hansmeyer","com.beckyhansmeyer.YarnBuddy","Lifestyle","2.3.6","Free","2020-07-06T07:00:00Z","2025-03-18T22:56:27Z","4.47987","671","https://apps.apple.com/us/app/yarnbuddy-knit-and-crochet/id1267678125?uo=4","26400768","4+","1","Becky","Hansmeyer","United States","2021-12-08","","DISCOUNT","Yarnbuddyapp","Twitter"
"1478757472","Bluebird Focus Timer","Cub & Pup","CUB & PUP LLC","com.cub-and-pup.Bluebird","Productivity","3.12.13","Free","2019-10-11T07:00:00Z","2025-03-28T03:50:48Z","4.80342","468","https://apps.apple.com/us/app/bluebird-focus-timer/id1478757472?uo=4","23606272","4+","1","","","","2021-12-09","","DISCOUNT","Bluebird_app","Twitter"
"1503446680","Clipboard Manager - PastePal","Khoa Pham","Khoa Pham","com.onmyway133.PastePal","Utilities","2.13.3","Free","2020-03-21T07:00:00Z","2025-07-17T03:19:16Z","4.00813","123","https://apps.apple.com/us/app/clipboard-manager-pastepal/id1503446680?uo=4","130969600","4+","1","Khoa","Pham","Norway","2021-12-10","","DISCOUNT","PastePalApp","Twitter"
"1573083328","Guessing Game for SharePlay","Cromulent Labs","Cromulent Labs, Inc","com.cromulentlabs.GuessThePhrase","Games","1.1.2","Free","2021-10-25T07:00:00Z","2022-09-06T19:59:34Z","4.59942","347","https://apps.apple.com/us/app/guessing-game-for-shareplay/id1573083328?uo=4","23614464","4+","1","Greg","Gardner","United States","2021-12-12","7.96","FREE","Guessinggameapp","Twitter"
"1441252752","Calory Ai: Calorie Counter","Funn Media, LLC","Funn Media, LLC","com.funnmedia.calory","Health & Fitness","4.3.5","Free","2019-04-11T07:00:00Z","2025-07-17T20:17:09Z","4.61259","7465","https://apps.apple.com/us/app/calory-ai-calorie-counter/id1441252752?uo=4","329057280","4+","1","Kriss","Smolka","United States","2021-12-16","34.99","FREE","Calory_app","Twitter"
"1576281695","Sticker Doodle: Photo Stickers","Charles Etzel","Charles Etzel","net.jazzychad.StickerDoodle","Utilities","1.2.2","Free","2021-08-31T07:00:00Z","2023-10-01T17:47:08Z","4.70131","2213","https://apps.apple.com/us/app/sticker-doodle-photo-stickers/id1576281695?uo=4","16129024","4+","1","Chad","Etzel","United States","2021-12-15","1.99","FREE","StickerDoodler","Twitter"
"1507248426","Skaffer - Track subscriptions","Yahor Iskrankou","Yahor Iskrankou","app.skaffer.skaffer","Finance","1.7.0","Free","2020-06-11T07:00:00Z","2022-09-07T13:34:25Z","4.73864","88","https://apps.apple.com/us/app/skaffer-track-subscriptions/id1507248426?uo=4","6933504","4+","1","Egor","Iskrenkov","Belarus","2021-12-14","2.99","FREE","Skaffer_app","Twitter"
"1582291621","un:safe - pop the lock","Emin Grbo","Emin Grbo","undeadpixel.unsafe","Games","2.7","$1.99","2021-11-05T07:00:00Z","2022-11-19T15:43:18Z","4.2931","58","https://apps.apple.com/us/app/un-safe-pop-the-lock/id1582291621?uo=4","7523328","4+","1","Emin","Grbo","Norway","2021-12-19","1.99","FREE","Unsafeapp","Twitter"
"1531983371","Activity Tracker・FitnessView","Funn Media, LLC","Funn Media, LLC","com.funnmedia.fitnessview","Health & Fitness","2.6.13","Free","2021-07-14T07:00:00Z","2025-06-05T23:49:27Z","4.63034","6322","https://apps.apple.com/us/app/activity-tracker-fitnessview/id1531983371?uo=4","200255488","4+","1","Kriss","Smolka","United States","2022-12-30","25","APP DISCOUNT","",""
"1531983371","Activity Tracker・FitnessView","Funn Media, LLC","Funn Media, LLC","com.funnmedia.fitnessview","Health & Fitness","2.6.13","Free","2021-07-14T07:00:00Z","2025-06-05T23:49:27Z","4.63034","6322","https://apps.apple.com/us/app/activity-tracker-fitnessview/id1531983371?uo=4","200255488","4+","1","Kriss","Smolka","United States","2021-12-20","34.99","FREE","",""
"1253577148","HabitMinder • Habit Tracker","Reflective Technologies ApS","Reflective Technologies ApS","com.funnmedia.habitminder","Health & Fitness","2.9.0","Free","2017-11-16T02:49:18Z","2024-09-16T06:39:37Z","4.6273","5648","https://apps.apple.com/us/app/habitminder-habit-tracker/id1253577148?uo=4","53855232","4+","1","Kriss","Smolka","United States","2021-12-18","22.99","FREE","HabitMinder","Twitter"
"1550456653","Time’s Up! — Visual Timer","Overdesigned, LLC","Overdesigned, LLC","com.overdesigned.TimesUpTimer","Utilities","1.9.3","Free","2021-08-30T07:00:00Z","2025-02-27T19:00:15Z","4.64954","331","https://apps.apple.com/us/app/times-up-visual-timer/id1550456653?uo=4","39746560","4+","1","Adam","Overholtzer","United States","2021-12-21","5.99","FREE","TimesUpApp","Twitter"
"1487384157","Luxilux Light Meter","Christian Lobach","Christian Lobach","de.christian-lobach.Luxilux","Photo & Video","2.1","$5.99","2019-11-12T08:00:00Z","2025-03-21T17:45:18Z","4.86111","72","https://apps.apple.com/us/app/luxilux-light-meter/id1487384157?uo=4","4119552","4+","1","Christian","Lobach","Germany","2021-12-22","5.99","FREE","LuxiluxApp","Twitter"
"1549454338","OLD: Pile - Collect Bookmarks","Awesome Apps Company Ltd.","Awesome Apps Company Ltd.","com.aramapps.Pile","Productivity","1.6.9","Free","2021-06-14T07:00:00Z","2024-08-10T09:03:11Z","4.30233","172","https://apps.apple.com/us/app/old-pile-collect-bookmarks/id1549454338?uo=4","49371136","17+","1","Aram","Miquel","Ireland","2021-12-23","29.99","FREE","Pile_app","Twitter"
"1573261774","Navi - Subtitles & Translation","Good Snooze","Jordi Bruin","com.goodsnooze.navisubtitles","Utilities","2.2","Free","2021-12-13T08:00:00Z","2024-06-27T01:42:56Z","4.18182","110","https://apps.apple.com/us/app/navi-subtitles-translation/id1573261774?uo=4","3407872","4+","0","Jordi","Bruin","Netherlands","2021-12-28","","FREE","",""
"1588309394","ASMR Cat: RonRon","Pierre Boudoin","Pierre Boudoin","com.pierreboudoin.ronron","Health & Fitness","2.0.6","Free","2021-10-05T07:00:00Z","2025-06-16T05:31:31Z","4.83333","24","https://apps.apple.com/us/app/asmr-cat-ronron/id1588309394?uo=4","47664128","4+","1","Pierre","Boudoin","France","2021-12-27","2.99","FREE","Ronron__app","Twitter"
"1439731526","Soor ▹","Tanmay Sonawane","Tanmay Sonawane","me.tanmay.Music","Music","3.5.8","$6.99","2019-03-01T08:53:11Z","2025-04-30T14:35:26Z","4.26786","448","https://apps.apple.com/us/app/soor/id1439731526?uo=4","59488256","12+","1","Tanmay","Sonawane","India","2021-12-25","","DISCOUNT","Soor_app","Twitter"
"1573004386","Hacker News - Latest in Tech","Snap Web Studios","Eric Lewis","com.ericlewis.Hacker","News","1.1.2","Free","2021-09-20T07:00:00Z","2024-05-28T23:00:28Z","4.66667","33","https://apps.apple.com/us/app/hacker-news-latest-in-tech/id1573004386?uo=4","20486144","12+","1","Eric","Lewis","United States","2021-12-30","","FREE","",""
"1518228413","The Wallpaper App","Lumen Digital","Lumen Digital Ltd.","com.lumendigital.Wallpaper-App","Photo & Video","2.1","$4.99","2020-08-05T07:00:00Z","2024-11-08T19:56:15Z","4.32038","2007","https://apps.apple.com/us/app/the-wallpaper-app/id1518228413?uo=4","47639552","4+","1","Ben","Harraway","United Kingdom","2020-12-05","5.99","FREE","",""
"1518228413","The Wallpaper App","Lumen Digital","Lumen Digital Ltd.","com.lumendigital.Wallpaper-App","Photo & Video","2.1","$4.99","2020-08-05T07:00:00Z","2024-11-08T19:56:15Z","4.32038","2007","https://apps.apple.com/us/app/the-wallpaper-app/id1518228413?uo=4","47639552","4+","1","","","","2020-12-06","1.95","FREE","",""
"1518228413","The Wallpaper App","Lumen Digital","Lumen Digital Ltd.","com.lumendigital.Wallpaper-App","Photo & Video","2.1","$4.99","2020-08-05T07:00:00Z","2024-11-08T19:56:15Z","4.32038","2007","https://apps.apple.com/us/app/the-wallpaper-app/id1518228413?uo=4","47639552","4+","1","Ben","Harraway","United Kingdom","2020-12-05","5.99","FREE","",""
"1518228413","The Wallpaper App","Lumen Digital","Lumen Digital Ltd.","com.lumendigital.Wallpaper-App","Photo & Video","2.1","$4.99","2020-08-05T07:00:00Z","2024-11-08T19:56:15Z","4.32038","2007","https://apps.apple.com/us/app/the-wallpaper-app/id1518228413?uo=4","47639552","4+","1","","","","2020-12-06","1.95","FREE","",""
"1135300319","Remote KeyPad and NumPad Pro","Remote Sunrise LTD","Remote Sunrise LTD","com.cherpake.numpad","Productivity","2025.16","$4.00","2016-07-20T04:21:04Z","2025-07-25T03:54:31Z","4.63863","642","https://apps.apple.com/us/app/remote-keypad-and-numpad-pro/id1135300319?uo=4","33005568","4+","1","Jordy","van Kuijk","Netherlands","2020-12-08","29.99","FREE","",""
"522851505","Santa's Naughty or Nice List ◌","Daniel Storm","Daniel Storm","com.DanielStorm.NaughtyOrNice","Entertainment","3.33.0","Free","2012-05-03T21:44:29Z","2025-07-07T20:00:32Z","4.47255","656","https://apps.apple.com/us/app/santas-naughty-or-nice-list/id522851505?uo=4","23545856","4+","1","","","","2020-12-07","4","FREE","",""
"1508764244","AC Helper","Thomas Ricouard","Thomas Ricouard","com.thomasricouard.ACNH","Reference","2.0.5","Free","2020-05-06T07:00:00Z","2020-11-24T14:56:21Z","4.63265","392","https://apps.apple.com/us/app/ac-helper/id1508764244?uo=4","45182976","4+","1","Tim","Isenman","United States","2020-12-11","","FREE","",""
"1493916909","Pocket Rocket","Voyager Space Systems, LLC","Voyager Space Systems, LLC","tech.shuhari.PocketRocket","Entertainment","2.6","Free","2020-04-08T07:00:00Z","2025-06-29T13:35:05Z","4.54143","519","https://apps.apple.com/us/app/pocket-rocket/id1493916909?uo=4","983079936","4+","1","","","","2020-12-12","1.99","FREE","",""
"1114721073","Weight Tracker - Vekt","ComQuark Advanced Technology Solutions LLC","ComQuark Advanced Technology Solutions LLC","com.hiddevdploeg.Vekt","Health & Fitness","4.5.0","Free","2017-01-04T17:11:12Z","2025-02-10T01:08:24Z","4.36594","276","https://apps.apple.com/us/app/weight-tracker-vekt/id1114721073?uo=4","92061696","4+","1","Thomas","Ricouard","France","2020-12-10","","DISCOUNT","",""
"421724209","Easy Calendar","Tom van Zummeren","Tom van Zummeren","com.tomvanzummeren.EasyCalendar","Productivity","4.9.7","$1.99","2011-03-09T05:49:46Z","2025-05-19T20:48:27Z","4.75197","2524","https://apps.apple.com/us/app/easy-calendar/id421724209?uo=4","27303936","4+","1","Josh","Holtz","United States","2020-12-15","","DISCOUNT","",""
"1503879351","SitWit - Posture & Breaks","2Geeks","Jordy van Kuijk","software.noproblem.HLTH","Utilities","4.3.2","Free","2020-04-01T07:00:00Z","2025-04-09T13:42:20Z","0","0","https://apps.apple.com/us/app/sitwit-posture-breaks/id1503879351?mt=12&uo=4","13486826","4+","1","Hidde","van der Ploeg","Netherlands","2020-12-09","","FREE","",""
"527118971","Foldify - Create, Print, Fold!","Renata Ostrowska Pixle","Renata Ostrowska Pixle","pl.pixle.foldify","Education","1.8.7","$3.99","2012-12-13T08:00:00Z","2023-06-21T11:59:54Z","4.14286","42","https://apps.apple.com/us/app/foldify-create-print-fold/id527118971?uo=4","182041600","9+","1","Sawyer","Blatz","United States","2020-12-17","","DISCOUNT","",""
"1534510889","ConnectKit","Josh Holtz","Josh Holtz","com.joshholtz.ConnectAPI","Developer Tools","2.0.0","Free","2020-10-14T07:00:00Z","2022-07-13T18:52:30Z","5","8","https://apps.apple.com/us/app/connectkit/id1534510889?uo=4","6356992","4+","1","","","","2020-12-16","3.99","FREE","",""
"1517339257","Nudget: Spending Tracker","Sawyer Blatz","Sawyer Blatz","com.SawyerBlatz.Nudget","Finance","3.3.2","Free","2020-07-09T07:00:00Z","2024-01-08T21:15:14Z","4.48248","371","https://apps.apple.com/us/app/nudget-spending-tracker/id1517339257?uo=4","76662784","4+","1","Jordi","Bruin","Netherlands","2020-12-18","14.99","FREE","",""
"1502026145","Soosee - Allergy & Vegan Scan","Good Snooze","Jordi Bruin","com.goodsnooze.allergy","Food & Drink","2021.16","Free","2020-07-20T07:00:00Z","2021-09-29T05:00:37Z","4.30708","127","https://apps.apple.com/us/app/soosee-allergy-vegan-scan/id1502026145?uo=4","16264192","4+","1","Enrico","Bonaldo","Italy","2020-12-19","1.99","FREE","",""
"597139381","PhotInfo","Enrico Bonaldo","Enrico Bonaldo","edu.self.PhotInfo","Photo & Video","8.10.0","$2.99","2013-02-07T18:29:50Z","2025-07-11T15:41:50Z","4.72222","18","https://apps.apple.com/us/app/photinfo/id597139381?uo=4","4396032","4+","1","Khan","Winter","United States","2020-12-20","","DISCOUNT","",""
"1191365122","Sunrise Sunset Time SolarWatch","Fifteen Jugglers Software UG","Fifteen Jugglers Software UG","com.fifteenjugglers.solarwatch","Photo & Video","2025.6","Free","2017-02-08T02:45:29Z","2025-05-29T00:03:19Z","4.71115","5425","https://apps.apple.com/us/app/sunrise-sunset-time-solarwatch/id1191365122?uo=4","84358144","4+","1","Charlie","Chapman","United States","2020-12-22","","DISCOUNT","",""
"1526973735","OpenBudget - Budget and Save","Khan Winter","Khan Winter","app.WindChillMedia.OpenBudget","Finance","1.4.3","Free","2020-11-30T08:00:00Z","2022-02-06T18:10:52Z","4.4634","41","https://apps.apple.com/us/app/openbudget-budget-and-save/id1526973735?uo=4","56765440","4+","1","Engin","Kurutepe","Germany","2020-12-21","","DISCOUNT","",""
"1533996161","Countdown Widget & Counter","Cranberry Apps","Cranberry Apps GmbH & Co. KG","com.stefanliesendahl.widgetstudio.dates","Utilities","2.4.6","Free","2020-10-10T07:00:00Z","2025-05-28T20:38:32Z","4.64353","1916","https://apps.apple.com/us/app/countdown-widget-counter/id1533996161?uo=4","172946432","4+","1","Oleh","Stasula","Ukraine","2020-12-25","6.99","FREE","",""
"1465439395","Dark Noise: Ambient Sounds","Dark Noise LLC","Dark Noise LLC","com.charliemchapman.dark-noise","Health & Fitness","3.4.5","Free","2019-09-02T05:57:22Z","2025-05-28T09:30:12Z","4.81222","3222","https://apps.apple.com/us/app/dark-noise-ambient-sounds/id1465439395?uo=4","415894528","4+","1","Michael","Tigas","Australia","2020-12-23","","FREE SUBSCIPTION","",""
"1468495939","Replica・Screen Mirroring・Cast","Tiago Martinho LTD","TIAGO MARTINHO LTD","com.tm.replica","Utilities","20250803","Free","2020-01-23T08:00:00Z","2025-08-05T11:59:27Z","4.37134","26277","https://apps.apple.com/us/app/replica-screen-mirroring-cast/id1468495939?uo=4","115688448","17+","1","Bryan","Dubno","United States","2020-12-27","","DISCOUNT","",""
"970353453","Usage Device Monitor","Oleh Stasula","Oleh Stasula","com.olegst.usage","Utilities","4.21.3","Free","2015-03-04T05:17:29Z","2025-01-31T17:38:22Z","4.64803","3756","https://apps.apple.com/us/app/usage-device-monitor/id970353453?uo=4","48236544","4+","1","Tiago","Martinho","Spain","2020-12-26","59.99","FREE","",""
"970353453","Usage Device Monitor","Oleh Stasula","Oleh Stasula","com.olegst.usage","Utilities","4.21.3","Free","2015-03-04T05:17:29Z","2025-01-31T17:38:22Z","4.64803","3756","https://apps.apple.com/us/app/usage-device-monitor/id970353453?uo=4","48236544","4+","1","Tiago","Martinho","Spain","2023-12-25","49.99","FREE","",""
"1439649927","Bolt – Workout & Strength Log","nomtasticapps, LLC","nomtasticapps, LLC","com.nomtasticapps.boltworkout","Health & Fitness","1.23.6","Free","2018-10-27T16:40:10Z","2024-10-16T12:20:33Z","4.79969","1273","https://apps.apple.com/us/app/bolt-workout-strength-log/id1439649927?uo=4","86044672","12+","1","Seth","Sandler","United States","2020-12-28","8.99","FREE","",""
"1523968394","Focused Work - Pomodoro Timer","Michael Tigas","Tigas Industries Pty Ltd","au.com.michaeltigas.FocusedWork","Productivity","5.1.4","Free","2020-09-08T07:00:00Z","2025-06-01T14:33:47Z","4.72837","578","https://apps.apple.com/us/app/focused-work-pomodoro-timer/id1523968394?uo=4","150726656","4+","1","Stefan","Liesendahl","Germany","2020-12-24","17.9","FREE","",""
"1480216009","Highlighted: Image to text","Damir Stuhec","Damir Stuhec","com.damirstuhec.Booklight","Productivity","2025.2","Free","2020-01-19T08:00:00Z","2025-07-15T04:58:05Z","4.84211","494","https://apps.apple.com/us/app/highlighted-image-to-text/id1480216009?uo=4","42029056","4+","1","Damir","Stuhec","Slovenia","2020-12-30","","PROMOTION","",""
"608540795","Tunable – Tuner & Metronome","AffinityBlue","Seth Sandler","com.affinityblue.tunable","Music","3.2.9","$7.99","2013-03-27T15:11:52Z","2021-08-22T16:56:34Z","4.81693","6533","https://apps.apple.com/us/app/tunable-tuner-metronome/id608540795?uo=4","34775040","4+","1","Tyler","Hillsman","United States","2020-12-29","2.99","DISCOUNT","",""
"1532875441","one sec | screen time + focus","riedel.wtf apps S.L.","riedel.wtf apps S.L.","wtf.riedel.one-sec","Productivity","4.1.9","Free","2020-09-29T07:00:00Z","2025-07-23T21:18:02Z","4.83831","20638","https://apps.apple.com/us/app/one-sec-screen-time-focus/id1532875441?uo=4","244341760","4+","1","Frederik","Riedel","Germany","2023-12-01","39.99","FREE","",""
"1668083311","Whisper Transcription","Good Snooze","Jordi Bruin","com.goodsnooze.MacWhisper","Utilities","3","Free","2023-02-01T08:00:00Z","2025-08-05T14:16:46Z","4.18868","53","https://apps.apple.com/us/app/whisper-transcription/id1668083311?uo=4","73072640","4+","1","Jordi","Bruin","Netherlands","2023-12-02","34.99","FREE","",""
"6462672810","Checkers Classic Widget Game","Cromulent Labs","Cromulent Labs, Inc","com.cromulentlabs.CheckersWidget","Games","1.0.2","Free","2023-09-18T07:00:00Z","2023-12-01T16:12:54Z","4.69048","42","https://apps.apple.com/us/app/checkers-classic-widget-game/id6462672810?uo=4","20528128","4+","1","Greg","Gardner","United States","2023-12-03","2.99","FREE","",""
"6459448053","Tic Tac Toe Classic Widget","Cromulent Labs","Cromulent Labs, Inc","com.cromulentlabs.TicTacToeWidget","Games","1.0.2","Free","2023-09-18T07:00:00Z","2023-12-01T16:18:29Z","4.58181","55","https://apps.apple.com/us/app/tic-tac-toe-classic-widget/id6459448053?uo=4","17890304","4+","1","Greg","Gardner","United States","2023-12-03","2.99","FREE","",""
"6458039561","4 In A Row Classic Widget Game","Cromulent Labs","Cromulent Labs, Inc","com.cromulentlabs.FourInARowWidget","Games","1.0.2","Free","2023-09-18T07:00:00Z","2023-12-01T16:13:45Z","4.4","45","https://apps.apple.com/us/app/4-in-a-row-classic-widget-game/id6458039561?uo=4","23063552","4+","1","Greg","Gardner","United States","2023-12-03","2.99","FREE","",""
"6451272251","Slide Puzzle Classic Widget","Cromulent Labs","Cromulent Labs, Inc","com.cromulentlabs.SlidePuzzle","Games","1.0.2","Free","2023-09-18T07:00:00Z","2023-12-01T16:18:12Z","4.41176","34","https://apps.apple.com/us/app/slide-puzzle-classic-widget/id6451272251?uo=4","20130816","4+","1","Greg","Gardner","United States","2023-12-03","2.99","FREE","",""
"6450961834","Minesweeper Classic Widget","Cromulent Labs","Cromulent Labs, Inc","com.cromulentlabs.MinesweeperWidget","Games","1.0.2","Free","2023-09-18T07:00:00Z","2023-12-01T16:17:53Z","4.5625","64","https://apps.apple.com/us/app/minesweeper-classic-widget/id6450961834?uo=4","24435712","4+","1","Greg","Gardner","United States","2023-12-03","2.99","FREE","",""
"1661256251","Mood Board - Creativit","DesignTech SIA","DesignTech SIA","DesignTech.SIA.Creativit","Productivity","2.0.11","Free","2023-04-14T07:00:00Z","2025-08-04T04:24:36Z","4.54945","91","https://apps.apple.com/us/app/mood-board-creativit/id1661256251?uo=4","46291968","4+","1","","","","2023-12-04","29.99","FREE","",""
"6451272088","Chess Classic Widget Game","Cromulent Labs","Cromulent Labs, Inc","com.cromulentlabs.ChessWidget","Games","1.0.2","Free","2023-09-22T07:00:00Z","2023-12-01T16:17:37Z","4.62069","58","https://apps.apple.com/us/app/chess-classic-widget-game/id6451272088?uo=4","20954112","4+","1","Greg","Gardner","United States","2023-12-03","2.99","FREE","",""
"1640204242","Nihongo Lessons","Serpenti Sei Japan","Serpenti Sei Japan LLC","com.serpentisei.levelup","Education","1.3","Free","2022-12-01T08:00:00Z","2025-06-28T05:16:01Z","4.70909","110","https://apps.apple.com/us/app/nihongo-lessons/id1640204242?uo=4","266312704","4+","1","Chris","Vasselli","Japan","2023-12-05","119.99","FREE","",""
"6463623914","Teleprompter for Video Pro","Fadel.io OU","Fadel.io OU","io.fadel.TeleprompterX","Productivity","1.0.114","Free","2023-09-20T07:00:00Z","2025-07-15T23:20:51Z","4.70873","412","https://apps.apple.com/us/app/teleprompter-for-video-pro/id6463623914?uo=4","57526272","4+","1","Rony","Fedal","United States","2023-12-06","59.99","FREE","",""
"1661833753","Gola - Goal Tracking","Modum B.V.","Modum B.V.","com.modumhq.Hazi","Productivity","2025.1","Free","2023-01-08T08:00:00Z","2025-01-02T14:50:09Z","4.50355","141","https://apps.apple.com/us/app/gola-goal-tracking/id1661833753?uo=4","101331968","4+","1","Hidde","van der Ploeg","Netherlands","2023-12-07","7.99","FREE","",""
"6444917751","Thoughts - Quotes Manager","Henri Bredt","Henri Bredt","de.henribredt.quotes","Reference","1.7.2","Free","2023-10-03T07:00:00Z","2025-06-26T12:51:12Z","4.76056","213","https://apps.apple.com/us/app/thoughts-quotes-manager/id6444917751?uo=4","11816960","4+","1","Henri","Bredt","Germany","2023-12-10","26.99","FREE","",""
"6451364124","AI Photo Enhancer - Pictura","Jonathan Estuardo Benavides Vallejo","Jonathan Estuardo Benavides Vallejo","com.jbapps.Pictura","Photo & Video","3.7.1","Free","2023-07-27T07:00:00Z","2025-07-24T22:03:55Z","4.7088","443","https://apps.apple.com/us/app/ai-photo-enhancer-pictura/id6451364124?uo=4","274914304","17+","1","Jonathan","Benavides Vallejo","Switzerland","2023-12-12","29.99","FREE","",""
"6472864564","ASCII Charts","App Craft Consulting","App Craft Consulting","com.appcraftstudio.asciicharts","Utilities","1.0.3","$4.99","2023-12-05T08:00:00Z","2024-02-07T10:28:49Z","4.94737","19","https://apps.apple.com/us/app/ascii-charts/id6472864564?uo=4","1113088","4+","1","François","Boulais","France","2023-12-13","1.99","FREE","",""
"1605379758","MusicMate:Not a dating app(yet","Sup Space","Sup Space","me.soledad.musicmate","Music","3.5.0","Free","2022-02-16T08:00:00Z","2025-08-04T19:09:30Z","4.30909","110","https://apps.apple.com/us/app/musicmate-not-a-dating-app-yet/id1605379758?uo=4","115929088","17+","1","Yue","Cai","","2023-12-23","19.99","FREE","",""
"1544144499","RCKit - RevenueCat Dashboard","Dylan Lualdi","Dylan Lualdi","com.ludyem.RevenueCatClient","Developer Tools","6.2.9","Free","2020-12-12T08:00:00Z","2025-03-21T09:46:13Z","4.72917","240","https://apps.apple.com/us/app/rckit-revenuecat-dashboard/id1544144499?uo=4","66583552","4+","1","","","","2021-01-22","","DISCOUNT","",""
"1513257639","Clearful - Journal & Diary","Clearful Journal, Mindfulness Diary and Mental Health Inc.","Clearful Journal Inc.","com.clearful.journal","Health & Fitness","3.29.0","Free","2020-09-23T07:00:00Z","2025-08-05T01:57:50Z","4.7595","2657","https://apps.apple.com/us/app/clearful-journal-diary/id1513257639?uo=4","118510592","4+","1","","","","2021-01-24","","FREE","",""
"6446705377","Peaks: Day Planner","Vogelhaus Apps GmbH","Vogelhaus Apps GmbH","app.vogelhaus.owl","Health & Fitness","2024.9.2","Free","2023-06-22T07:00:00Z","2024-10-30T08:49:35Z","4.65482","197","https://apps.apple.com/us/app/peaks-day-planner/id6446705377?uo=4","102303744","4+","1","","","","2023-12-17","99.99","FREE","",""
"1436592070","Strongify Rep Count","Astrochimp SRL","Astrochimp","com.gustavonascimento.strongify","Health & Fitness","3.8.6","Free","2018-12-06T05:19:52Z","2025-06-10T06:40:18Z","4.49819","277","https://apps.apple.com/us/app/strongify-rep-count/id1436592070?uo=4","35487744","4+","1","Gustavo","Nascimento","Belgium","2023-12-20","29.99","FREE","",""
"1528417240","FilmNoir TV Tracker for Trakt","Thomas Angistalis","Thomas Angistalis","app.filmnoir.appstore","Entertainment","3.1.16","Free","2020-12-19T08:00:00Z","2025-06-11T06:19:47Z","4.60227","176","https://apps.apple.com/us/app/filmnoir-tv-tracker-for-trakt/id1528417240?uo=4","64839680","12+","1","Tom","Angistalis","United Kingdom","2023-12-21","59.99","FREE","",""
"6468971101","Newji: make anything an emoji","Shapes and Stories LLC","Shapes and Stories LLC","com.growpixel.Newji","Entertainment","1.0.5","Free","2023-11-13T08:00:00Z","2024-08-20T03:53:31Z","4.46053","228","https://apps.apple.com/us/app/newji-make-anything-an-emoji/id6468971101?uo=4","24687616","12+","1","Ryan","McLeod","Netherlands","2023-12-22","","FREE","",""
"1663671666","AI Keyboard Assistant - Keybot","Calm Sea Enterprise, S.L.","Calm Sea Enterprise, SOCIEDAD LIMITADA","com.stefanliesendahl.enlight","Productivity","2.2.5","Free","2023-01-19T08:00:00Z","2025-03-26T14:24:12Z","4.54545","242","https://apps.apple.com/us/app/ai-keyboard-assistant-keybot/id1663671666?uo=4","62992384","4+","1","Stefan","Liesendahl","Germany","2023-12-24","12.99","FREE","",""
"6444888265","Travel Tracker by PhotoRoute","Manuel Roth","Manuel Roth","com.photoroute.PhotoRoute","Travel","1.8.0","Free","2023-03-27T07:00:00Z","2025-07-28T12:42:57Z","4.48076","52","https://apps.apple.com/us/app/travel-tracker-by-photoroute/id6444888265?uo=4","154506240","4+","1","","","","2023-12-26","19.99","FREE","",""
"1623230250","Text Workflow: Text Processing","Georgios Trigonakis","Georgios Trigonakis","com.gtrigonakis.TextWorkflowIOS","Utilities","2.4","Free","2022-07-16T07:00:00Z","2025-06-05T15:40:12Z","4.75806","124","https://apps.apple.com/us/app/text-workflow-text-processing/id1623230250?uo=4","33002496","4+","1","Giorgos","Trigonakis","Greece","2023-12-28","4.99","FREE","",""
"1597616326","Countdown - Pretty Progress","keinois OU","keinois OU","com.keinois.PrettyProgressApp","Utilities","1.19.19","Free","2021-12-07T08:00:00Z","2025-07-04T07:41:43Z","4.69826","1836","https://apps.apple.com/us/app/countdown-pretty-progress/id1597616326?uo=4","160927744","4+","1","Rodrigo","Sañudo","","2023-12-27","19.99","FREE","",""
"1591056366","Secrets - Password Manager","Outer Corner, Unipessoal LDA","Outer Corner, Unipessoal LDA","com.outercorner.Secrets","Productivity","4.4.2","Free","2023-05-27T07:00:00Z","2025-05-19T09:26:38Z","4.5503","169","https://apps.apple.com/us/app/secrets-password-manager/id1591056366?uo=4","66639872","4+","1","","","","2023-12-29","79.99","FREE","",""
"6451364783","Reminder Widget by Mindr","Florian Vates","Florian Vates","com.CoffeeKit","Productivity","1.6.0","Free","2023-09-19T07:00:00Z","2025-04-03T16:15:56Z","4.61878","181","https://apps.apple.com/us/app/reminder-widget-by-mindr/id6451364783?uo=4","39434240","4+","1","Florian","Vates","Germany","2023-12-30","49.99","FREE","",""
"6443764002","Challenges Aid","Tim Hilker","Tim Hilker","com.thuri88.ChallengesAid","Health & Fitness","2.2.0","Free","2022-12-22T08:00:00Z","2025-07-07T17:28:10Z","4.14286","7","https://apps.apple.com/us/app/challenges-aid/id6443764002?uo=4","7319552","4+","1","Tim","Hilker","Netherlands","2023-12-08","1.99","FREE","",""
"6466580414","Habit Tracker: Streaks & goal","Simone Montalto","Simone Montalto","com.simonemontalto.habittracker","Productivity","2.0.11","Free","2023-10-16T07:00:00Z","2025-07-07T20:28:55Z","4.77304","141","https://apps.apple.com/us/app/habit-tracker-streaks-goal/id6466580414?uo=4","82424832","4+","1","Simone","Montalto","Italy","2023-12-16","34.99","FREE","",""
"6448647429","Synopsia - Book Summaries","Devpool","Devpool","com.devpool.synopsia","Book","4.0.1","Free","2023-05-04T07:00:00Z","2025-01-07T19:21:47Z","4.57193","285","https://apps.apple.com/us/app/synopsia-book-summaries/id6448647429?uo=4","33370112","4+","1","Rohid","Jetha","France","2023-12-15","69.99","FREE","",""
"1494386093","Charty for Shortcuts","Rapptor Desenvolvimento de Softwares LTDA","Rapptor Desenvolvimento de Softwares LTDA","com.brogrammers.charty","Productivity","1.4.2","Free","2020-05-06T07:00:00Z","2022-08-10T17:22:51Z","4.69782","321","https://apps.apple.com/us/app/charty-for-shortcuts/id1494386093?uo=4","57776128","4+","1","","","","2021-01-29","","DISCOUNT","",""
"1528890965","TextSniper - OCR, Copy & Paste","Valerijs Boguckis","Valerijs Boguckis","com.valerijs.boguckis.store.TextSniper","Productivity","1.11.0","$11.99","2020-08-24T07:00:00Z","2024-09-16T16:08:48Z","0","0","https://apps.apple.com/us/app/textsniper-ocr-copy-paste/id1528890965?mt=12&uo=4","2057929","4+","1","Valerijs","Boguckis","Latvia","2023-12-19","7.99","FREE","",""
"1506390976","Piano Tabs: Learn & Practice","Jacob Parker","Jacob Parker","org.jacob.KeyLines","Music","2.6.1","Free","2020-04-06T07:00:00Z","2025-02-04T12:36:08Z","4.19149","47","https://apps.apple.com/us/app/piano-tabs-learn-practice/id1506390976?uo=4","26266624","4+","1","Jacob","Parker","United Kingdom","2023-12-09","4.99","FREE","",""
"1549904920","Drylendar: Drink Tracker","App Craft Consulting","App Craft Consulting","com.appcraftstudio.drylendar","Health & Fitness","1.2.4","Free","2023-09-22T07:00:00Z","2025-08-04T07:14:48Z","4.2809","89","https://apps.apple.com/us/app/drylendar-drink-tracker/id1549904920?uo=4","113755136","17+","1","François","Boulais","France","2023-12-31","99.99","FREE","",""